Label,Feature1,Feature2,Feature3,Feature4,Feature5,Feature6,Feature7,Feature8,Feature9,Feature10
0,0.0081492,-0.00081052,-0.0099348,0.00014074,0.00081625,0.0041972,0.022911,0.011682,0.010063,0.0059863
1,-0.023116,-0.019897,0.0040521,-0.020661,-0.036654,0.020479,0.035251,-0.011058,0.0081975,-0.017116
1,-0.0052424,-0.03141,0.011522,0.025988,-0.018801,0.019775,-0.0032683,0.025197,-0.023508,-0.014179
1,-0.013704,-0.0060215,-0.012979,-0.018006,-0.017857,0.0083037,0.014093,-0.003134,-0.011608,-0.010059
1,-3.66e-05,-0.041712,0.024565,0.0066537,-0.019373,0.0067642,0.008504,-0.014067,-0.011887,-0.0046679
0,0.0098476,0.014307,0.014085,0.0025246,-0.0030335,-0.0068283,-0.0035797,0.0027606,0.018306,0.025489
1,-0.030977,-0.0011228,0.015011,-0.015677,-0.02115,0.011977,-0.004145,0.015103,0.013869,0.0083082
1,-0.008153,0.0044481,0.0080061,-0.01322,-0.029534,0.023963,0.03286,-0.013147,0.004913,-0.0033122
1,-0.033895,0.010886,-0.01321,0.019876,-0.022483,0.038563,-0.0021918,-0.00027149,-0.0049571,-0.014401
0,0.011244,0.0055493,0.0074149,-0.0059136,0.00052569,0.0061436,-0.0065887,0.00021494,-0.014093,0.0028908
1,-0.011117,-0.010617,-0.0022046,0.041105,-0.041517,0.018344,0.025843,-0.031169,-0.021551,-0.017354
0,0.0039673,0.013264,-0.00086906,0.01338,-0.00475,-0.0019734,-0.015395,-0.025466,0.0056465,0.0019676
0,-0.0055239,0.016546,0.024754,0.02725,0.006502,-0.0057332,-0.020955,-0.0014189,-0.0080266,-0.010988
0,-0.031454,-0.016175,-0.022248,0.004932,0.0063996,-0.015408,-0.0035143,-0.013623,-0.0034051,0.02557
1,-0.0050576,0.015932,0.027719,-0.0044466,-0.024485,0.026072,0.0055709,0.051819,0.012546,0.027941
1,0.011774,0.0049322,-0.0095268,-0.0088929,-0.012424,0.021902,0.024087,0.0014202,-0.0025949,-0.0057612
0,0.0025726,0.032548,-0.018065,0.0025808,-0.0094536,-0.014694,0.0028619,0.0046249,-0.021902,0.013699
1,-0.031591,-0.0045177,-0.0054163,0.015407,-0.019491,0.024685,-0.029733,0.0024037,0.0061538,0.0049146
0,0.020691,-0.0026108,-0.00094403,-0.00033442,-0.022551,-0.0040034,-0.0087935,-0.010215,0.021291,0.011842
1,-0.0014386,-0.033291,0.01345,0.010702,-0.027626,0.0097644,0.026844,-0.017214,0.017652,-0.003968
0,0.017226,0.0023323,-0.0012983,-0.013795,-0.026219,-0.00054705,-0.011095,-0.0050456,-0.019853,-0.0063904
1,-0.010592,-0.033891,-0.015938,0.0060128,-0.010607,0.0082564,0.026196,0.0016993,0.016211,-0.00085392
1,-0.013962,-0.00048316,0.0058147,0.01118,-0.0039296,0.010688,0.0049218,0.019791,-0.015525,-0.01983
0,-0.0052974,-0.0044378,-0.00721,-0.030873,0.012494,-0.0047687,-0.0018231,0.011688,-0.0061357,-0.0038213
1,-0.043486,0.0031305,-0.0044101,-0.0063665,-0.0078426,-0.0009647,0.0059866,-0.015259,0.016787,-0.0051933
1,-0.025685,-0.036364,0.027651,0.023408,-0.047994,0.014003,0.069049,-0.043793,-0.018624,-0.0090484
0,-0.0048715,0.0098201,-0.014043,-0.016325,0.010658,-0.00020811,-0.017301,0.007819,-0.01568,-0.0074303
0,0.008529,-0.011975,0.014398,0.0003221,0.0037499,0.00074931,-0.0063317,-0.0013371,-0.016313,0.0023578
1,-0.016133,-0.055737,0.034131,-0.0052151,-0.019502,0.0193,0.037157,-0.018337,0.0073027,0.00019156
0,-0.010141,-0.011533,-0.016735,0.018607,0.01403,-0.016781,0.0014857,0.0059988,-0.013143,0.0010009
0,0.0013404,-0.0020767,-0.021862,-9.29e-05,-0.0016364,-0.0082727,0.0028534,0.0034792,-0.019925,0.0055342
0,-0.00099274,0.011865,0.0096827,-0.008614,0.00063107,0.015056,-0.0026885,0.0095468,-0.022968,0.013445
1,-0.023203,-0.0060948,0.0030571,0.024953,-0.019316,0.015084,-0.028842,0.027359,-0.011291,0.020124
1,-0.049841,-0.028871,0.0050058,0.03122,-0.025343,0.025964,0.0003022,0.026579,0.001541,0.03206
0,0.023,-0.0062971,-0.024103,0.0079548,-0.013168,0.0019193,-0.009509,-0.0035205,-0.01697,-0.0087176
0,0.0020119,-0.001903,-0.0088423,0.015097,0.013272,0.0030891,0.0041351,-0.0053731,0.013507,-0.013687
1,-0.015413,-0.019465,-0.011641,0.043705,0.0073325,0.024442,0.04391,-0.043046,-0.036628,-0.032458
1,-0.011654,-0.005488,-0.0073335,0.021654,-0.018777,-0.015107,-0.020389,-0.003261,0.010483,-0.00096333
0,0.010756,0.011497,0.003348,-0.0015703,-0.016967,0.015721,-0.0049675,0.010291,0.00014284,-0.0030659
0,-0.0091018,0.0019079,0.0026079,3.51e-05,0.0096886,-0.0093526,-0.0024105,-0.018925,0.025137,-0.013831
0,0.011551,-0.013166,-0.025814,-0.0014734,0.0013755,0.003748,-0.0060609,-0.0074701,-0.015295,0.020405
0,0.035921,0.0061132,0.021287,0.021487,0.0027458,-0.0079313,-0.0016788,9.87e-05,-0.011771,0.018964
0,-0.016723,0.0098537,0.00085064,0.0075989,0.025307,-0.014803,-0.01163,-0.018207,0.00326,-0.015862
0,0.0062762,0.0054016,0.035538,-0.012969,-0.0011639,0.020987,-0.0073892,-0.0080885,-0.015222,0.0042502
1,-0.011519,0.0059856,0.017506,0.018542,-0.0018128,0.027908,0.015766,0.016112,-0.019311,-0.012419
0,0.0054049,0.0028995,0.021159,-0.01011,-0.005088,-0.023851,-0.0074598,-0.00053025,0.020253,-0.016325
0,0.0064472,-0.0035879,0.0034176,0.0036851,0.020554,0.014795,0.0093849,0.0071684,0.0013526,-0.004619
0,0.0090481,-0.0040741,0.012012,0.033087,0.010024,-0.015188,0.00034588,-0.019706,0.022737,-0.011017
1,-0.017995,-0.037014,0.006065,-0.021418,-0.0050411,-0.010939,0.0046182,0.023667,0.042879,0.028223
0,-0.0054434,0.012682,0.010463,0.0085216,0.014152,0.014494,0.0057898,-0.014533,-0.0019328,0.00052175
1,-0.024244,-0.0045084,0.013787,0.0054935,0.003548,0.02559,0.006253,0.01035,-0.0041641,-0.014251
0,0.024855,0.0048683,0.00066989,-0.014864,-0.0064998,0.00066723,-0.0083362,-0.0035898,-0.0092215,-0.0066547
1,-0.011482,-0.010483,0.014579,0.0043208,0.0033991,0.012984,0.014284,0.0012738,0.0082685,0.0002509
1,-0.01536,-0.013798,-0.038077,0.0043659,-0.012664,0.015685,0.013095,0.028176,0.01098,0.0053147
0,-0.0045366,0.0064002,-0.0089505,0.021007,-0.0021117,-0.0095307,0.014245,-0.0024824,0.017658,0.0040729
0,-0.0052272,0.014259,-0.0031789,0.011506,0.0021091,0.01373,0.020807,0.01876,0.0045876,-0.0011908
1,-0.012371,7.73e-05,-0.023529,-0.013626,0.00091533,-0.0097761,0.0096228,0.032719,-0.019061,-0.014285
0,-0.010941,0.0018516,-0.0042106,0.020884,0.0043622,-0.0077586,-0.010435,-0.0089059,-0.014515,0.0027198
0,0.02469,-0.0009446,0.025089,-0.0062626,-0.001919,-0.024191,-0.011822,0.0060426,-0.0052386,-0.014545
1,-0.038314,0.0098283,-0.011597,0.0064296,0.0072919,5.46e-05,0.014172,-0.014913,-0.004654,-0.021913
1,-0.016177,0.0072268,0.0055034,0.032326,-0.0011128,0.0042481,0.037106,0.0074695,-0.022618,-0.013009
1,-0.031832,-0.029738,0.0098143,-0.0074764,-0.0096908,0.041792,-0.0070824,0.036595,0.016916,0.033115
1,-0.0093708,0.0041768,0.0075136,-0.00098689,-0.011983,0.0066295,-0.0036667,0.01404,-0.01588,-0.022049
1,-0.020557,-0.0070087,0.021421,0.01371,-0.012901,0.015818,-0.011647,0.022242,-0.0083455,0.021217
0,0.0026106,-0.0063137,-0.0091486,-0.000678,0.018149,-0.005187,0.0044733,-0.0013995,0.00675,-0.015607
1,-0.017232,0.0019072,0.0091286,0.0047411,-0.0065116,0.021374,-0.0029789,0.0088077,-0.00018098,-0.028467
0,0.022556,-0.0046838,-0.020171,0.0065193,-0.0047863,0.027233,0.0033477,0.0031699,0.00016531,0.0037956
1,-0.002259,-0.022106,-0.005905,0.009841,-0.036596,-0.0066529,0.026139,0.0028258,0.022268,0.011849
0,-0.0073703,-0.017375,-0.032445,0.0048365,0.035984,0.010267,-0.011368,-0.014548,0.0086197,0.0019469
1,-0.020427,-0.0033339,0.0084347,0.0029913,-0.010852,0.011057,0.015391,0.0077364,0.0037022,0.0060349
1,-0.025892,-0.030881,0.0056578,-0.030621,-0.029709,0.02832,0.023657,-0.006688,-0.0085864,-0.0066926
0,0.018813,-0.0028826,-0.0069865,-0.0054836,-0.0095575,0.0021262,-0.0033042,-0.0034506,0.0024234,-0.027024
0,0.01721,0.0025143,0.0070509,0.0084087,-0.0068793,0.015603,0.0097407,-0.021709,0.017764,-0.0045277
0,0.016593,-0.026183,-0.0067441,-0.0016208,0.012056,-0.0047812,0.0082355,0.010559,-0.02491,0.010393
1,-0.021874,0.0070742,-0.011128,0.008463,0.00094774,0.012272,-0.0016645,0.018372,-0.0013999,0.029678
1,-0.025963,-0.004481,0.0045721,0.00086371,-0.042196,0.036267,0.031925,0.0045398,-2.87e-05,-0.0026358
0,0.012489,-0.0013266,-0.0085548,0.0049385,-0.0079847,0.011901,-0.010768,-0.013199,0.0041609,-0.01751
1,-0.049044,0.010874,0.0015651,-0.030267,-0.065893,0.012275,0.026612,-0.050768,-0.048236,0.008209
0,-0.0088615,0.013623,0.0039596,-0.00036694,-0.004556,-0.0079052,-0.010725,-0.0063397,0.026582,-0.01483
0,0.0098214,0.0015805,-0.013976,-0.0111,-0.010871,0.0054788,-0.017125,-0.0013627,0.034336,-0.01946
1,-0.039348,0.015589,-0.037905,0.028589,-0.00073282,0.0096303,0.013607,0.00051952,-0.0059767,-0.0018315
0,-0.0055239,0.016546,0.024754,0.02725,0.006502,-0.0057332,-0.020955,-0.0014189,-0.0080266,-0.010988
0,-0.0038206,-0.0035031,-0.0064016,-0.019228,0.002783,0.011951,-0.013581,-0.0069684,-0.01945,0.0054446
1,-0.0075651,-0.021462,-0.0044836,-0.014715,-0.0058859,0.007154,0.0061454,0.00028208,-0.0037006,-0.0024963
1,-0.015078,-0.03374,0.0049736,-0.0092063,-0.021368,0.0028656,-0.0047748,0.043801,0.012081,0.0061676
0,0.0096887,0.015713,-0.0041111,0.0017996,-0.009713,-0.005349,-0.0098628,-0.0038353,-0.010285,0.015376
0,0.0036342,0.015657,0.0070537,0.0031819,-0.011581,0.011557,0.0064329,0.021372,-0.012298,0.026466
0,0.0063455,-0.010378,-0.013969,-0.015108,0.0016785,-0.015905,-0.0093487,0.0010278,-0.024832,-0.0051157
0,-0.028831,-0.007238,-0.011464,0.0020871,0.00471,0.0012268,-0.038686,-0.011353,0.0036605,-0.043251
1,-0.0052612,-0.011046,-0.013879,0.020985,-0.014524,-0.023589,0.0065699,-0.023455,0.029227,0.003961
0,-0.00037187,0.0088198,-0.00014525,0.0056312,0.013395,0.016036,0.0064697,-0.0057816,0.033533,-0.0040012
0,-0.014758,0.0030602,0.0063696,0.0035594,0.01921,-0.0094949,-0.013382,-0.00546,0.0093963,0.0016977
1,-0.01384,-0.0099364,0.00687,0.014402,0.0084354,-0.0029537,0.0089379,0.014636,-0.025454,-0.0018342
0,-0.013501,-0.0062323,0.0074306,0.0037676,0.0094571,0.0040434,0.0047648,0.00197,-0.004158,0.015451
0,0.010951,0.012455,0.012694,0.010604,-0.0044786,-0.0020827,0.012002,0.021076,1.21e-05,0.0033782
1,-0.013915,0.023147,-0.0042802,-0.0046054,-0.0048525,0.015658,0.00071149,0.024115,-0.0090615,0.0066553
0,-0.0059321,-0.014988,0.012064,-0.0166,0.013717,-0.0009607,0.0060446,0.005814,-0.0124,0.017953
1,-0.011689,-0.030339,0.033224,0.020554,-0.0010794,-0.0027979,0.0021606,-0.0037152,-0.0094922,-0.0066759
0,0.025823,-0.016328,-0.011819,0.017808,-0.0011637,0.0015259,-0.007287,-0.018514,0.0081847,-0.0065457
0,-0.010975,-0.018566,-0.0025016,-0.010117,0.016889,0.0041696,0.0057088,0.0068207,-0.012781,0.015763
0,-0.0051843,0.020894,-0.010453,-0.0045316,0.01291,-0.010693,-0.021291,-0.0050243,-0.002288,-0.032123
1,-0.015726,-0.0078401,0.013182,-0.0029564,-0.021393,0.0038095,-0.023325,0.0070253,0.056977,-0.024993
1,-0.0082594,-0.013937,-0.024855,0.010618,-0.016174,0.023716,0.009092,0.013934,0.026147,0.029737
1,-0.015181,0.010984,-0.012629,0.027022,-0.03139,0.010862,0.017834,0.024937,-0.043276,-0.022551
1,-0.026558,-0.050733,-0.0054133,-0.0086125,-0.027747,0.018822,-0.0072527,-0.0020988,0.0023775,0.0031478
1,-0.023392,-0.035182,-0.0043163,-0.017718,-0.029966,0.0083592,0.0079577,0.017959,0.0062829,0.033529
1,-0.0096167,0.0095669,-0.017094,-0.0012806,-0.024782,-0.0013056,-0.009213,0.012283,0.0134,0.0040489
1,-0.045796,0.0052568,-0.017832,-0.009834,-0.029138,0.051804,0.037222,-0.00059833,-0.010844,-0.014202
0,0.0050713,-0.0069601,0.0036093,-0.0042759,-0.0047114,-0.0029367,0.0016028,-0.0096524,0.0023489,0.0089844
0,0.0091069,0.0093882,0.0084703,-0.0032234,-0.0087089,-0.0080512,-0.021601,0.0011441,-0.0022443,-0.019701
0,-0.019241,-0.0024305,-0.0043417,0.011366,0.0017788,-0.0075482,-0.0060145,-0.0026724,0.0065943,0.012079
0,0.020901,-0.0042671,-0.022815,0.0070875,-0.008265,0.0095745,-0.017349,-0.029523,0.014053,-0.019847
0,0.011075,0.011067,-0.002602,-0.0039259,-0.0090234,0.018986,0.016624,0.02322,-0.02021,0.0022274
0,-0.00030072,0.014373,0.0017609,-0.016558,0.0099124,0.010368,0.0077387,0.010133,0.0073426,0.0062373
1,-0.01649,-0.022804,0.0072259,-0.012771,-0.038404,0.019695,0.0355,-0.0065558,0.0072455,-0.011444
1,-0.01668,0.018768,0.0020191,-0.0045949,-0.019656,0.019268,0.020139,-0.0052653,-0.00065942,0.0035726
0,-0.017659,0.0023499,-0.0023478,-0.0044785,0.012647,-0.00080105,0.0076588,-0.014427,0.017223,0.013739
1,0.0042471,-0.04709,-0.0053267,0.048345,-0.018781,0.023593,0.032291,0.010756,-0.0025905,-0.031665
0,0.018876,-0.0015382,-0.025522,-0.007263,0.0056447,0.015632,-0.006192,-0.011887,0.0016177,-0.012827
0,0.0039411,0.0033373,0.0021186,-0.019506,-0.0031913,-0.0059583,-0.0071379,-0.0052169,-0.0051346,-0.0047279
0,-0.0093067,0.0083734,0.033614,0.012286,0.011307,0.00077288,0.00055217,0.021114,-0.019999,-0.029962
0,0.0010128,-0.012345,-0.010991,-0.015421,0.0065178,-0.013786,-0.014648,0.011809,0.0070066,-0.0099227
1,0.003728,0.0067135,-0.018579,0.027196,-0.0073273,0.029075,0.0090946,0.022983,0.0007151,-0.017359
1,-0.021048,-0.028432,-0.020551,0.017016,-0.014365,0.032532,0.01072,0.017981,0.034979,0.020399
1,-0.014567,-0.011235,-0.006931,0.012861,-0.0089238,-0.00042803,0.0098786,-0.0032132,-0.037848,0.0060599
1,-0.010958,-0.024256,-0.0014771,-0.0071689,0.012083,0.028897,-0.017961,0.013029,0.024941,-0.015819
1,-0.0045899,0.018271,0.001392,-0.0086624,-0.0033822,0.011866,0.0052159,0.014958,-0.0017801,0.017866
1,-0.031583,0.0078165,-0.012307,-0.036634,-0.014687,0.014494,0.024297,-0.019084,-0.01603,0.00047725
0,0.0071585,0.0034514,-0.0063776,-0.0012458,0.00037669,-0.0072573,-0.0033252,0.010379,-0.013649,0.0056988
1,-0.017244,-0.010563,0.0048861,0.004171,-0.0037597,-0.013128,0.010307,0.020539,-0.033048,-0.010605
1,-0.01898,-0.018241,-0.038574,0.0060996,-0.024441,0.01116,-0.0067138,0.019447,0.016106,-0.013191
0,-0.011449,-0.0018835,0.00061528,0.043435,0.012747,-0.025722,-0.012807,-0.0026423,-0.0048245,-0.0042099
1,-0.038858,-0.023737,-0.0024626,-0.027341,-0.0015236,-0.01011,-0.0084789,0.0092741,0.011029,-0.016491
0,-0.0056544,-8.3e-05,0.018121,0.022695,0.0025849,-0.0056376,0.014758,0.007873,0.0097774,-0.015228
1,-0.022273,-0.040868,0.013362,0.00057634,-0.00010374,0.026946,0.0073098,-0.029223,0.0027623,-0.0079047
0,0.005069,0.0061593,0.029527,0.0023489,0.023071,0.0012924,0.0081606,0.020661,0.0081084,-0.012706
1,-0.0033508,-0.017838,-0.00497,-0.005648,-0.0048224,0.007611,0.020451,0.0027604,-0.014995,0.010451
0,0.0094712,-0.0046599,0.0091101,0.0042493,0.0043922,0.0078548,0.0067463,-0.0041949,-0.0085899,0.011068
1,-0.023528,-0.0070578,-0.0086106,0.016449,0.0024989,-0.018752,-0.012702,0.011416,-0.0097929,-0.0031536
0,-0.020283,0.011734,0.019683,-0.0048661,0.0043859,0.0016526,-0.032038,-0.015487,-0.015428,-0.012208
1,-0.0055622,-0.0076156,-0.011138,-0.010309,-0.0039028,-0.024417,0.0050801,0.019353,-0.015451,-0.0087696
1,-0.042224,-0.0043283,0.015064,-0.084893,-0.04866,0.028982,0.020077,-0.030184,0.0056242,-0.03965
0,0.011018,-0.0066436,-0.00016122,0.017147,-0.00067052,-0.002064,-0.015412,-0.019772,0.012805,-0.0002412
0,0.0028847,-0.0022035,-0.018802,0.014423,0.00052221,-0.019391,0.011298,0.0093144,0.0070945,0.016829
0,0.0048254,0.0078318,0.005916,9.69e-05,0.0043892,-0.0026606,0.019417,0.019785,-0.010357,0.0062123
0,-0.010947,-0.0083848,-0.002113,0.015173,-0.0031904,-0.034284,0.0078233,-0.0016291,-0.0045508,0.0097744
1,-0.019735,-0.006327,0.00018416,-0.0014918,-0.013771,-0.0032754,0.0045595,0.022257,-0.0042407,-0.013311
0,-0.0053253,0.019708,-0.00040017,0.049451,-0.024682,-0.0055184,0.00089881,-0.013218,0.052191,0.026983
1,-0.0027137,-0.0081855,-0.014558,0.037558,-0.018058,-0.0071925,0.0040249,0.02047,0.0071337,-0.0086533
1,-0.02338,-0.038666,-0.012785,0.0036246,-0.024904,0.0094988,0.040769,0.01534,0.002858,0.0064579
1,-0.0021239,-0.026225,0.019715,-0.017099,-0.02406,0.013812,0.016469,-0.017274,-0.00093087,0.01712
1,-0.0050517,-0.042524,0.026333,0.019165,0.0044153,0.0077906,0.044414,-0.027449,-0.0045764,-0.009525
0,0.018935,-0.0042096,0.0018486,-0.0061908,0.0016988,-0.012932,0.018895,0.023114,-0.028933,0.015803
0,-0.0052008,-0.0073441,-0.033106,-0.008841,0.021319,0.02249,0.013165,0.0071287,0.010336,-0.0086286
1,-0.018642,0.013545,-0.015438,0.038067,-0.0014505,-0.0035346,0.0079418,0.023343,0.026805,0.03542
0,-0.00084551,0.00089708,0.0019945,0.0060264,0.010501,-0.014812,-0.0078893,0.032413,-0.020573,-0.022207
0,0.0097697,0.0060663,0.025162,0.017033,-0.0057603,-0.0047798,-0.0053559,0.0045814,0.03232,-0.018769
0,-0.0071269,0.00019428,0.0013531,0.017735,0.025923,-0.0063125,-0.00092629,-0.0035218,-0.0010481,-0.0044806
0,0.014523,0.0011292,0.019916,0.0015015,-0.010707,0.0064171,0.0041579,0.0049787,-0.015665,0.0099067
1,-0.027856,0.0043114,0.012239,0.0025499,-0.0028065,0.034022,0.0055479,0.0099306,0.0078492,-0.010466
0,-0.0053253,0.019708,-0.00040017,0.049451,-0.024682,-0.0055184,0.00089881,-0.013218,0.052191,0.026983
0,0.029898,-0.0064629,-0.012681,-0.014662,0.013877,0.0044742,0.02221,-0.0008418,0.014373,0.017357
0,0.00034414,0.00077737,-0.030018,-0.0031212,0.0030413,-0.0097791,0.0014548,-0.0012654,0.014767,0.018678
1,0.0062514,-0.016239,0.0092901,-0.014306,0.0057708,-0.019373,0.0010928,0.02733,-0.0021334,-0.018973
0,0.0018166,-0.0025558,-0.010892,-0.0056034,0.0078954,-0.0035005,0.0099439,0.00013557,0.014621,-0.00021469
1,0.0063404,-0.0082393,-0.0066554,-0.011586,-0.0061524,0.020002,0.03342,0.0067218,-0.0184,0.00081936
1,-0.030746,0.004596,-0.019658,0.00097042,0.026692,0.012796,0.0041745,-0.011843,-0.0079181,0.014033
0,-0.025765,0.030153,-0.015986,0.034671,-0.007898,-0.030158,-0.001661,0.0027049,0.026071,-0.019644
0,-0.013833,0.0031285,0.038312,-0.0019218,0.017985,-0.013441,-0.0011856,0.0021763,0.020033,-0.017614
0,0.016733,0.0080792,0.006668,-0.006011,-0.0010023,0.022338,0.0089744,0.014519,-0.01105,0.0056198
0,0.019863,-0.0048207,0.022223,0.019227,-0.0048113,0.012543,-0.016314,-0.011707,-0.015204,0.018939
0,-0.0045366,0.0064002,-0.0089505,0.021007,-0.0021117,-0.0095307,0.014245,-0.0024824,0.017658,0.0040729
1,-0.02448,-0.0046235,-0.011118,0.017703,-0.022742,0.0042751,0.040761,-0.019801,-0.012503,0.00039616
0,0.0030854,-0.0024475,-0.0082483,0.0067448,-0.010491,-0.01069,0.0023789,0.020426,-0.0058342,-0.025639
0,-0.00060022,0.010415,0.0033734,0.027763,0.0067575,-0.021042,0.017346,0.014669,0.0015178,-0.020722
1,-0.00094365,-0.037303,0.015406,0.0038517,-0.015656,0.023225,0.040476,-0.016652,-0.025195,0.0047989
0,-0.030866,0.0095246,0.020925,-0.0031277,0.0074464,0.024253,-0.0032524,-0.0043533,0.011439,0.0017764
1,-0.020877,0.0055023,0.020116,0.0080509,0.029974,0.0047949,-0.00072223,0.027272,-0.027727,-0.047715
1,-0.014368,-0.011864,0.0070812,0.010467,-0.020132,-0.0029973,0.018322,-0.014193,0.032894,-0.011465
0,0.0085415,0.034847,0.04698,-0.0017826,0.002845,0.019706,-0.0084895,0.014015,-0.014487,-0.015618
1,-0.0064126,-0.013366,-0.00013906,-0.0044947,0.0095584,0.02196,0.0048603,0.011231,-0.010529,0.0091007
1,-0.024868,-0.00995,0.021241,0.025523,0.01846,0.0053843,0.0027712,-0.0054621,0.0085162,-0.029571
1,-0.021352,-0.01742,0.018173,0.037741,-0.028917,0.013773,0.050507,-0.036852,-0.051989,-0.0097425
0,-0.013385,-0.014097,0.0068443,-0.0037867,0.029902,-0.010708,0.019079,-0.0044517,0.017365,-0.0087795
1,0.0026759,-0.0045096,0.0066287,0.0023282,-0.02964,-0.0092088,0.015337,0.013903,-0.010557,-0.042961
1,-0.016684,-0.015187,0.014321,0.019729,-0.011603,0.0078609,0.023683,-0.029676,-0.034498,-0.007094
1,-0.009145,-0.003,-0.017362,0.021403,0.0079664,0.01438,0.019953,0.0055521,-0.017473,-0.030167
0,0.01452,-0.0085937,-7e-05,-0.0056208,-0.011001,0.0056698,-0.013703,-0.01248,-0.00040944,-0.010271
0,0.0063455,-0.010378,-0.013969,-0.015108,0.0016785,-0.015905,-0.0093487,0.0010278,-0.024832,-0.0051157
0,0.0074274,0.0060878,0.0094956,-0.00088713,-0.0053686,0.020582,0.0053606,-0.0087006,-0.00094325,0.0061726
1,-0.0034426,-0.0022099,0.0029856,-0.03089,0.0067512,-0.015136,-0.0093426,0.02351,-0.028464,0.004742
0,0.0031742,-0.005475,-0.024151,0.00077498,0.00018493,-0.0081413,-0.0037311,0.0062597,-0.020069,-0.002661
1,-0.015384,-0.0017362,0.02034,0.01455,-0.0012841,0.020419,0.028249,0.0028572,-0.033046,0.0045414
1,-0.031349,-0.0080812,-0.0019027,0.0025772,-0.024943,0.021871,-0.0078251,0.048017,-0.01129,0.013237
1,-0.020388,-0.046544,0.008393,-0.020337,-0.029565,0.013944,0.0087549,-0.017182,-0.010549,0.0042422
1,0.0038902,0.003388,0.0097229,-0.0025262,-0.034585,0.01059,-0.015955,0.008547,-0.016265,-0.016796
0,-0.0059505,0.0045683,0.027132,-0.0054854,0.039703,0.0030024,0.0084201,-0.0019005,-0.003849,0.0039644
0,0.0087811,0.010836,0.033695,0.015064,0.0098218,0.00036865,0.0094809,-0.010665,0.0093518,0.0035142
0,-0.0040589,-0.0070026,-0.0018507,-0.0050847,0.0053861,-0.0086364,-0.003956,-0.0033365,0.0062242,0.011595
1,-0.045836,-0.023973,-0.0058154,-0.036185,-0.019756,0.0019237,-0.034039,0.023008,0.0034265,0.017695
1,-0.021674,-0.036001,-0.0046003,-0.0076422,-0.004501,0.015722,-0.0096358,0.013083,0.038686,0.0078769
1,-0.04764,-0.0040329,-0.033144,-0.023594,-0.030006,0.0074785,-0.04099,0.018802,0.022257,0.012533
0,-0.0041458,0.0029005,0.029343,-0.0057527,0.00722,0.010825,0.016344,-0.0039925,0.010861,0.021868
1,-0.02608,-0.036011,0.016913,-0.007748,-0.021189,0.033156,-0.00073892,0.025781,0.0080967,0.032831
0,-0.033142,0.024391,-0.00078405,0.016803,-0.0017627,-0.011614,-0.0019352,0.012307,0.017044,-0.015028
0,0.0098826,-0.0092899,-0.01497,0.0046048,0.0082111,0.0064756,-0.020279,-0.0036574,-0.020561,-0.0036671
1,-0.0052475,-0.012354,-0.0079069,0.0081532,0.0025892,-0.0056092,0.015849,-0.0087314,0.0070454,-0.016703
1,-0.032902,-0.024635,-0.014556,0.061301,-0.0075586,0.030877,0.06507,-0.055358,-0.060806,-0.036475
1,-0.032454,-0.023995,0.0059004,-0.015951,-0.045763,0.021897,0.028409,-0.021306,0.0061459,-0.029829
0,-0.0052272,0.014259,-0.0031789,0.011506,0.0021091,0.01373,0.020807,0.01876,0.0045876,-0.0011908
0,0.0056792,-0.0016106,0.0059778,0.0085709,-0.0050797,-0.01753,0.015442,0.022526,-0.0088777,-0.013837
1,-0.01905,-0.044045,-0.00056106,-0.0050416,-0.013641,0.0075389,-0.012387,0.024171,0.036693,0.0076624
1,-0.017998,-0.030503,0.028379,0.054876,-0.016377,0.027425,-0.012276,0.048827,-0.0042683,0.017552
0,-0.0046818,-0.0020042,-0.0020165,0.00010649,0.0059406,-0.0061905,0.00024727,0.01697,0.00060996,-0.020171
1,-0.04693,-0.0012267,-0.0045084,-0.010983,-0.0056755,-0.0050849,0.00046088,-0.015811,0.01204,-0.0092819
0,-0.00027715,0.010743,-0.0045283,-0.010234,0.014911,0.016466,0.0095198,0.00065959,0.0090521,0.015863
0,-0.028908,0.010793,0.013117,-0.010299,0.0055515,0.028754,-0.0044878,0.0064868,0.015936,0.0015373
1,-0.034942,0.0025184,0.032057,0.014388,0.0094071,0.034797,0.0067989,-0.0075358,-0.029969,0.018785
0,-0.0080658,-0.0043399,0.001075,-0.0062335,-0.00098359,-0.01824,0.0052415,0.0068411,-0.01941,0.0081931
1,-0.005192,-0.017896,-0.0028758,-0.0036982,-0.019942,0.0088893,0.011028,0.00035003,-0.0030373,-0.0027893
1,-0.038939,-0.02127,-0.010722,0.019987,0.0049594,0.012273,-0.0077049,-0.0041104,0.010937,0.0083014
1,-0.018145,0.017881,-0.015185,0.0074406,-0.0070365,0.012186,-0.00075756,-0.00025291,-0.0030621,-0.0091922
1,-0.0046372,0.0048471,-0.011781,0.014777,0.0005884,0.016746,0.0056409,0.00043081,-0.010525,-0.040507
1,0.010748,-0.0061123,0.0050531,-0.00029393,-0.012617,0.025393,0.024858,0.0059835,-0.012432,-0.013968
0,0.014566,0.010781,-0.0077054,-0.0011829,-0.0278,-0.0026895,-0.011394,-0.010951,-0.0086634,-0.01514
1,-0.033171,0.0079195,-0.024376,-0.059252,-0.065261,-0.018975,0.036643,-0.05061,-0.0068687,0.013285
0,0.0063897,0.010778,0.024582,0.008006,-0.025482,0.0021361,-0.0012448,-0.00040436,-0.0084492,0.00785
0,-0.0012285,0.002135,0.020881,-0.0033257,0.016967,-0.0070696,0.017729,0.0016789,0.015833,0.027936
1,-0.0048878,-0.057254,0.00017051,0.030959,-0.030033,0.016802,-0.024657,0.055847,0.01355,0.022205
0,0.0064431,0.002395,0.0044683,-0.0020862,-0.0022661,-0.0035755,-0.0020664,0.00881,-0.012641,-0.0057933
1,-0.02302,0.010333,-0.008916,0.024047,-0.058627,0.02682,0.038987,-0.022399,-0.019325,0.0093061
0,-0.0072154,0.0046967,0.018189,0.030502,-0.017878,-0.010858,0.012345,-0.022848,0.0064252,0.022769
1,-0.037165,0.0018862,-0.0213,-0.019674,-0.033886,0.035755,-0.0053906,0.059046,0.0097458,0.024914
0,0.021764,-0.00136,0.0081562,0.0043629,0.0013664,-0.0059661,0.0066433,0.012831,0.008948,-0.0037292
1,-0.015706,-0.024512,-0.0045883,0.0017581,-0.020611,0.0020701,0.010751,0.00029277,-0.015443,-0.019367
0,0.0056792,-0.0016106,0.0059778,0.0085709,-0.0050797,-0.01753,0.015442,0.022526,-0.0088777,-0.013837
0,0.0069329,0.015813,-0.0075023,-0.0017081,-0.015972,-0.010538,0.010053,0.0058761,-0.00095139,0.0087119
0,-0.031522,-0.0029884,-0.0015264,0.015749,0.032713,-0.003715,-0.013327,-0.032845,0.013187,0.012108
0,0.011732,0.0011195,0.0057833,0.016048,-0.0025235,-0.021103,0.025092,0.0070831,-0.010486,-0.0022436
0,-0.0095541,0.0056879,0.0020988,0.015217,0.0061987,0.024901,0.0037873,-0.019468,-0.010502,0.0025661
1,-0.018851,0.015083,0.0035296,-0.0030031,-0.033572,0.020145,0.02984,-0.016413,-0.013018,-0.011901
0,0.01409,0.0049361,0.011801,-0.0012854,-0.01824,-0.0030008,0.00059271,-0.0061137,0.0038908,0.012469
0,0.0063826,0.022018,0.011878,0.0072299,0.012351,0.017053,-0.0028703,-0.0053757,0.025264,-0.026772
0,0.01942,0.0024678,0.016519,0.009793,-0.010934,0.013621,-0.017544,0.0051429,-0.019398,0.028424
0,0.012266,0.0096212,0.0052831,-0.00069449,-0.01083,-0.015465,0.010305,0.0082582,0.0021703,0.00033562
1,-0.022492,0.0051428,-0.019874,0.016478,-0.021852,0.027478,-0.0015011,-0.0025632,-0.023165,-0.048565
0,0.030105,-0.0019282,-0.0055405,0.0042247,-0.013013,0.018755,0.013909,0.017227,-0.020707,0.02722
1,-0.03577,0.0050454,0.0049197,0.005658,-0.0061746,0.0046677,-0.0056262,-0.0076347,-0.035428,0.0036149
0,-0.020441,0.0040835,0.014044,0.0007799,0.0085205,-0.0041166,-0.001461,-0.010529,0.031766,0.017621
0,0.014566,0.010781,-0.0077054,-0.0011829,-0.0278,-0.0026895,-0.011394,-0.010951,-0.0086634,-0.01514
0,0.0075862,0.0089427,0.021292,0.0056773,-0.021827,-0.0090613,0.016384,-0.0085178,-0.012361,-0.00098443
1,-0.028878,-0.012908,-0.010896,-0.019763,-0.028123,0.028133,0.032359,0.0090852,0.0029077,-0.0015586
0,-0.0019201,-0.016111,-0.0298,-0.01449,0.012015,0.012075,0.0048835,-0.0051507,0.0042285,-0.0083232
1,-0.015527,-0.039649,0.0001023,-0.003388,-0.0085227,0.0079778,-0.0048236,0.019289,0.021044,0.015095
0,0.017549,0.0015116,-0.0017227,-0.0148,-0.0052843,0.035237,-0.0065832,0.0079318,-0.0074727,0.010474
1,-0.055069,-0.026539,-0.015752,-0.016011,-0.026787,0.026776,0.021161,0.0037879,-0.0030946,-0.0050348
1,-0.0023881,0.0052977,0.029307,0.0069842,-0.022124,0.019081,0.0020977,0.044681,0.0039187,0.021018
1,-0.019535,-0.0022536,0.0063475,0.030384,-0.024743,0.010731,-0.003704,-0.035151,0.0066731,0.0031768
1,0.0097739,-0.016764,0.021615,-0.012859,-0.024752,0.015839,0.013137,-0.020175,0.0085613,0.023537
0,-0.015662,0.013412,0.013049,0.018005,0.0037721,0.0050334,-0.0092859,-0.023037,0.016951,0.0079126
1,-0.0269,-0.0071355,0.0058364,0.016212,-0.026619,0.018752,0.002633,0.0079164,-0.01938,-0.0096896
0,-0.00095842,0.0047187,-0.0090529,-0.00049322,-0.0044206,-0.020725,-0.015205,0.0041007,0.0057345,-0.0092903
0,0.0019673,-0.0011763,0.01189,-0.003835,-0.0012343,-0.011082,-0.0015958,-0.0029249,0.0018643,0.0062303
1,-0.029388,0.012347,-0.01172,0.012162,0.0023665,0.016834,-0.0098291,0.019056,0.004525,0.026235
0,0.0039995,-0.0007814,0.014171,0.022525,0.008759,-0.021781,0.024613,0.0076005,0.011429,0.0035563
0,-0.0084031,-0.00089532,0.0022538,0.0069898,0.0043336,-0.013357,0.0061458,-0.0022677,0.0012606,0.011155
0,-0.0012704,0.025268,-0.020947,-0.00061616,-0.016754,-0.020211,-0.0013348,0.0042852,-0.023979,0.01408
1,-0.034798,-0.0059151,-0.028849,0.012429,-0.0084227,0.035128,0.0011169,0.065025,-0.0055919,0.014153
0,0.004249,0.0068813,0.0020393,-0.012813,0.0021451,0.0019397,0.0026285,0.017476,-0.0057223,0.0014272
1,-0.03313,-0.018686,0.0034937,-0.020603,-0.043359,0.030118,0.029081,-0.021428,0.0063399,0.019526
0,0.018028,0.023048,-0.0052186,0.0084437,-0.028529,-0.0011149,1.53e-05,0.01337,-0.0029755,0.018616
0,0.012376,0.008994,-0.010014,0.0061048,-0.0075467,-0.006538,-0.012588,-0.0074534,-0.00558,-0.0074448
1,-0.0062261,-0.033383,0.0071082,0.041592,0.0059572,7.19e-06,-0.0097557,0.032746,0.021932,0.014229
1,-0.014255,-0.0025167,0.0050922,0.029011,0.0033631,0.037189,0.05101,-0.013365,-0.022347,-0.034822
0,-0.0022981,-0.009509,-0.00023551,-0.010896,0.012882,-0.018731,-0.002308,0.0036156,-0.0062162,-0.011768
1,-0.007651,-0.016925,-0.002711,0.014829,-0.011026,0.017434,0.029793,-0.0024823,0.0021678,-0.013716
1,-0.011632,-0.0060411,0.0022017,-0.013124,-0.007034,-0.0084007,0.0068278,0.021422,-0.0021658,-0.0052514
1,-0.019699,0.018492,-0.012158,0.0026403,-0.010932,0.0049843,-0.0032253,-0.0038765,-0.013009,-0.017437
1,-0.015788,-0.013806,0.0087328,0.012332,-0.0091313,-0.0062129,-0.0074961,-0.014447,-0.0091222,-0.004475
1,-0.0022259,-0.014998,-0.018128,-0.0080181,0.0085269,0.0069576,-0.0079673,0.0070198,-0.018912,-0.016515
1,0.0087362,0.02997,-0.0085592,0.0085774,-0.0054744,-0.0043795,0.021261,0.028325,0.0049256,0.022993
0,0.022716,-0.0036864,-0.0049253,0.0097776,0.0075579,0.014496,0.012683,0.018418,-0.0010576,0.012731
0,-0.018031,-0.0028679,0.0041443,0.001963,0.016784,0.0053069,-0.022589,-0.0061484,-0.017561,-0.0070994
0,0.0075562,0.0080529,-0.0037052,-0.011677,-0.015029,0.0033115,-0.0032136,0.0053654,-0.029339,0.022561
1,-0.017413,0.017552,-0.004746,0.026346,-0.0049789,0.029575,-0.02135,-0.0033083,-0.035876,-0.020646
0,0.0018528,0.020325,0.014456,-0.0018629,-0.01012,-0.0061115,0.021102,-0.0072914,-0.0022482,-0.0095697
1,0.0041811,0.012157,-0.0062393,0.0047708,-0.026592,0.022339,0.029328,-0.0077621,-0.0055109,0.016839
0,0.0075285,-0.0061927,0.0039854,-0.0064608,0.0031028,0.0098866,0.0071914,-0.0040788,-0.0065298,-0.0046037
1,-0.013171,-0.024791,0.0030521,-0.0075879,-0.032707,0.032115,0.0055084,0.010399,0.037438,0.0075383
0,-0.0091325,-0.0033571,-0.002069,-0.034082,0.017564,-0.024244,0.011674,0.012598,0.0056312,-0.0076026
1,-0.0083035,-0.0019371,-0.013093,0.050046,-0.021459,0.045819,0.0061725,0.028752,0.0012564,-0.031105
0,-0.011955,0.010009,-0.017568,-0.00095035,-0.0057199,0.015047,-0.012778,-0.017516,0.022066,0.0029253
0,-0.0071697,0.0044809,0.00419,-0.0064388,0.0075988,-0.0036134,0.011853,0.014405,-0.019858,0.0023095
1,-0.020461,0.00051598,0.012198,0.021289,-0.0019186,0.00011621,0.019083,-0.0043782,-0.0029392,0.0031343
1,-0.020702,0.0049465,-0.025479,0.0040157,0.011725,0.012016,0.001006,0.016153,-0.044337,-0.016031
0,0.0081978,-0.014398,0.011627,-0.0020679,0.010384,0.0079926,0.0060333,0.01105,-0.019703,-0.0044963
0,-0.0095996,0.019112,0.01026,0.0040243,-0.0041373,-0.038283,0.0023838,0.0042119,-0.015118,-0.0045172
1,-0.019315,-0.022835,-0.023189,0.017033,-0.005832,0.032851,0.0080257,0.0096966,0.04118,0.018668
0,0.0083496,-0.005646,0.0024768,0.0008604,0.0035802,0.0019487,-0.03099,-0.0095468,-0.024241,-0.011015
1,-0.023012,0.00054151,0.010828,0.0047607,0.00030416,-0.0041687,-0.0050194,-0.016146,-0.0012567,0.014853
0,0.008813,0.010419,0.043273,-0.012113,-0.011204,0.00065599,-0.005944,0.0075554,-0.04759,0.013972
0,0.0085198,0.0040228,0.014729,0.024088,0.0027783,-0.0050891,0.0076228,0.0065097,-0.007611,0.033553
1,-0.0073768,0.01177,-0.0030261,0.035123,0.0018221,-0.002402,0.0096322,0.01865,-0.018032,0.0017882
1,-0.0061735,-0.059152,-0.0020815,0.029054,-0.023488,0.017313,-0.024629,0.056042,0.012126,0.014145
0,0.0047252,0.0034833,0.01701,-0.0068041,0.0028077,0.0095094,-0.0098382,-0.00053727,-0.013183,-0.016778
1,-0.03922,0.0028182,-0.0038369,-0.0055653,0.0019014,-0.00022987,0.0045087,-0.024302,0.025474,-0.010925
0,0.020676,0.0007823,-0.00014668,-0.0011716,-0.035549,0.018237,-0.018732,-0.035403,0.013541,0.0090074
1,-0.016322,-0.0095018,-0.0070378,-0.022013,-0.02426,0.010714,-0.0045641,-0.020309,0.0061137,-0.033285
1,-0.017754,-0.0057578,-0.027034,0.0075914,-0.0062225,0.023645,0.0093248,0.051517,-0.012901,0.0089755
1,-0.0066486,0.0099456,-0.00086295,0.020253,-0.038614,0.016224,0.020563,-0.028348,-0.014831,0.011982
1,-0.018329,0.0012432,0.0013517,-0.02723,-0.016752,0.018302,0.025729,-0.002742,0.0061785,-0.019562
1,-0.021816,0.00922,0.01072,0.017843,-0.0071787,0.020855,0.0091896,0.0080197,-0.019586,-0.017447
1,-0.0031749,0.0084253,0.027263,-0.0053998,-0.018085,0.022001,0.0035571,0.051449,0.0082273,0.026319
1,-0.036357,-0.015713,-0.0074725,-0.029893,-0.024306,0.027299,0.020285,-0.0048839,-0.0033523,-0.0012813
0,0.018771,0.0055461,0.005544,0.0061707,-0.0098691,-0.014809,0.0024974,-0.0064868,0.007016,-0.0046089
1,-0.038044,-0.029314,-0.0036916,0.045413,-0.034703,0.016111,5.86e-05,0.040234,-0.0059988,0.0036874
1,0.0024692,0.0068538,0.0084305,-0.017778,-0.030687,0.022222,0.031765,-0.0088957,0.018739,-0.0049243
0,0.014101,-0.002442,-0.021317,0.0078813,0.0044184,0.01176,-0.0057318,-0.003309,-0.0072361,0.00393
0,0.01527,-0.0079275,0.003702,0.012607,0.016216,-0.015351,0.012817,0.0077437,0.0097603,0.012081
1,-0.010081,0.0094417,-0.012362,-0.016477,-0.028808,-0.016863,0.00083166,0.012193,0.00049089,0.009284
1,-0.0019587,-0.016258,-0.011842,-0.002496,0.011793,0.030895,0.0038168,0.010841,0.019704,-0.021576
1,-0.025082,-0.029631,-0.0041612,-0.012784,-0.030915,0.025042,0.0017851,0.011999,0.019284,0.027336
1,-0.012446,-0.017657,-0.004705,-0.0011797,-0.012366,0.025201,0.0057711,0.0092175,0.003149,-0.0085909
1,0.0063537,-0.028303,0.0092979,-0.000669,-0.016081,0.02363,0.038421,-0.012673,-0.017479,0.0070816
1,-0.03418,0.026822,-0.03211,-0.0011629,-0.035621,0.011224,-0.0043218,-0.012825,-0.029322,-0.0216
1,-0.039575,0.011942,0.0083721,0.010658,-0.0009075,0.026806,-0.006945,-0.011364,0.019782,-0.0060479
0,0.013543,-0.0029137,0.00091367,0.00084188,-0.0062557,0.0076496,-0.0016411,0.0099362,-0.015546,-0.0056773
0,0.0021275,0.0062603,-0.019915,0.0078108,-0.022663,-0.0071481,-0.0027275,-0.00099985,0.004257,0.018737
1,-0.010578,-0.034543,0.0058786,-0.0011005,-0.040062,0.019881,0.00033593,0.016117,0.018583,-0.000164
0,0.016947,-0.0024727,-0.0147,-0.021129,-0.0042199,0.012789,0.00022894,0.012136,-0.0060145,0.0042276
1,-0.070844,-0.011306,0.023644,-0.091869,-0.062971,0.042702,0.023835,-0.025108,0.0016291,-0.0484
0,-0.0051349,0.0039237,0.0071836,0.019232,-0.0009095,-0.0061248,6.25e-05,0.01015,-0.011104,-0.011282
0,-0.0013568,0.0084743,0.015832,0.010336,0.012868,0.0049059,0.0092887,0.01028,0.0052196,-0.0026092
0,-2.15e-05,0.011519,0.010786,-0.0035548,0.0041886,-0.016071,0.00037569,0.0062568,-0.0039506,0.0056641
0,0.0048364,0.0098792,0.0011225,0.00028094,-0.0032471,0.016829,0.012195,0.021913,-0.014111,-0.0010704
1,-0.021724,-0.014818,0.022575,-0.048003,-0.039319,0.037392,1.37e-06,-0.023818,0.010313,-0.0044372
1,-0.038096,-0.034578,0.0032559,0.048105,-0.023641,0.015889,-0.016943,0.0023526,0.0058768,0.014102
0,0.026389,-0.0071278,-0.028644,-0.0039828,-0.013696,0.012972,0.0038479,0.0074951,-0.0075468,-0.0059439
1,-0.0026016,0.0093395,-0.01144,-0.0033169,-0.021494,-0.0042377,0.015103,-0.00011877,0.013937,-0.004417
0,0.00095101,-0.0021682,0.012574,0.021643,0.0069659,-0.023277,0.012323,-0.0037426,0.012873,-0.0037265
0,-0.0018781,-0.009178,0.010975,-0.00026891,0.0092498,-0.017292,0.028504,0.0028065,0.017236,-0.0087595
0,0.012618,-0.0031127,0.016997,-0.00092227,0.013286,0.010717,0.015102,-0.007269,0.025769,0.024654
0,0.023034,0.0031122,-0.0066971,-0.017842,0.013905,0.014879,0.012292,0.010376,0.00414,0.018178
0,0.011231,0.0045761,0.0050047,-0.0096479,0.012064,0.0011325,0.011569,0.0028051,0.0022009,-0.0014052
0,-0.0065395,-0.0037005,-0.00068363,0.0020247,-0.0057845,0.015719,-0.026967,-0.016621,-0.01474,0.0047707
1,-0.015032,-0.02789,-0.020604,0.007429,-0.010731,0.023374,0.029546,0.0095082,0.027638,0.0061916
1,-0.043199,-0.018288,0.004589,-0.048106,-0.024204,0.017013,-0.019282,0.036254,0.032631,0.040752
0,-0.00099274,0.011865,0.0096827,-0.008614,0.00063107,0.015056,-0.0026885,0.0095468,-0.022968,0.013445
0,-0.0052541,0.0052679,0.011773,0.0078607,0.023891,0.0078899,-0.013363,-0.015055,-0.014163,-0.010134
1,-0.021648,-0.025141,0.011738,-0.044794,-0.0017705,0.005483,0.028757,-0.0063694,0.025609,-0.032282
1,-0.019374,-0.017046,0.014436,0.029498,-0.024228,0.01369,0.034995,-0.044898,-0.039831,-0.022994
0,0.0079273,-0.032721,-0.0031799,-0.029537,-0.00060079,-0.017298,-0.012055,0.012641,-0.025318,-0.023358
1,-0.0045167,-0.0042927,0.0025826,0.013854,-0.011053,0.021011,-0.0061145,0.0079593,-0.0027944,0.0035391
1,-0.040888,0.010462,0.0026858,0.01326,0.013502,0.029244,0.012405,0.0032245,0.010721,0.015509
1,-0.017628,0.0056088,-0.00017952,-0.0033415,-0.0066977,-0.0019165,0.0019286,0.0034258,-0.026535,0.0085349
1,-0.00205,0.0074027,-0.018706,-0.0032789,-0.034616,-0.0050039,0.02404,0.011294,0.00047653,-0.008219
1,-0.024494,-0.0057136,-0.016971,-0.019421,-0.029285,0.023182,0.0034386,-0.029968,0.0053424,-0.00917
0,-0.018958,-0.015312,0.012815,0.010718,0.025893,-0.018551,0.0036453,-0.0090088,0.026755,-0.030574
1,0.0016393,-0.020261,0.017634,0.02065,-0.014779,0.0048049,0.052504,-0.034831,-0.033487,-0.038989
0,-0.0024265,0.0051281,0.0098321,-0.011774,-0.00065674,0.0068448,-0.0056563,-0.011334,-0.0048882,0.0080605
0,-0.0052379,-0.01152,-0.013994,0.00079107,0.026049,0.011039,0.0073443,-0.00010304,-0.010329,-0.019281
1,-0.031584,0.029036,-0.017691,-0.018239,-0.014523,0.0093662,0.031332,0.0011998,-0.022199,-0.0050038
1,0.00032567,-0.039441,0.012866,0.02538,-0.0096153,0.013253,0.030348,-0.022025,0.020769,0.0090515
1,-0.023435,-0.062456,0.016973,-0.022754,-0.021663,0.015369,-0.010874,0.041236,0.063223,0.047695
1,-0.0074581,0.010654,-0.0071154,0.0097103,-0.0076502,-0.0045178,-0.001572,0.013559,-0.026651,-0.016698
1,-0.014664,-0.012958,0.0086578,-0.0033818,-0.014371,0.029156,0.010647,-0.0067067,-0.007504,0.011958
0,0.018028,0.023048,-0.0052186,0.0084437,-0.028529,-0.0011149,1.53e-05,0.01337,-0.0029755,0.018616
1,-0.001962,-0.048508,0.017716,0.020194,0.0028483,0.0072401,-0.03065,0.027955,0.0054664,0.019126
1,-0.039998,-0.026535,-0.0041294,-0.025988,-0.021542,-8.89e-05,-0.040265,0.023036,0.004097,0.022794
0,0.0017339,-0.0023206,-0.0098014,0.0076423,0.0034504,-0.017907,-0.012213,-0.0010012,-0.012068,-0.0017774
0,0.0011765,-0.0092548,-0.00087098,0.0030463,-0.0033972,0.018691,0.0060561,-0.013441,0.017657,-0.018617
1,-0.016728,-0.0087726,-0.011282,-0.0030932,-0.0080274,-0.021869,0.00024548,0.014783,-0.012413,-0.016169
1,-0.022566,-0.0056139,-0.0029337,-0.0031309,-0.00061868,-0.0066006,0.02468,-0.010646,-0.016947,-0.010197
0,-0.0034352,-0.0092256,0.0045792,-0.017154,0.0060029,-0.016518,-0.0027297,0.0048616,-0.00044117,-0.012651
1,-0.009073,-0.023566,-0.026813,0.010378,-0.0039335,0.022242,0.016119,0.011109,0.02201,0.01329
0,0.01043,-0.008077,0.01641,0.00030225,0.016166,-0.010767,0.0074358,-0.0078393,0.00064271,-0.012882
1,-0.028831,0.018974,-0.021616,0.023774,-0.023598,0.020335,0.02823,0.0073578,-0.040693,-0.049747
1,-0.019461,0.016825,0.005058,-0.024827,0.0079442,0.0099275,0.016177,0.017096,0.013449,-0.012068
1,-0.026088,-0.0093007,0.0078251,0.033527,-0.032913,0.024502,0.056945,-0.0063666,-0.0079767,0.010817
0,0.0053708,-0.010818,-0.025523,0.0052916,0.018454,0.012788,-0.0078118,-0.011455,-0.012531,0.0029924
1,-0.014411,0.0056684,0.02673,-0.0065187,0.0027069,-0.0010246,-0.027404,0.031564,0.013154,0.023357
1,-0.018103,0.022016,-0.0060925,0.011102,0.0073336,0.025948,-0.014001,0.034735,-0.011557,-0.00081529
0,0.0044856,0.0076262,-0.017071,-0.0050087,-0.011129,0.0097625,-0.021751,-0.011183,-0.0088938,-0.015471
0,0.003761,0.016696,0.038446,0.0063609,-0.002726,-0.0082776,3.59e-05,-0.015991,0.00021539,-0.029634
1,0.0069032,-0.025917,-0.015384,0.029807,0.008524,-0.023307,0.0051929,0.019039,0.00080547,-0.033584
0,0.01375,-0.012,-0.013342,-0.011225,0.0051989,0.012012,0.0076744,0.013735,-0.020685,0.0090717
0,-0.0095281,0.0037325,0.0014768,0.0042281,0.0057809,0.0054935,-0.00055587,0.0043718,-0.0046935,-0.0019827
1,-0.0044804,-0.0056654,-0.0062455,-0.0043841,-0.021372,0.022336,-0.0067667,-0.002769,0.014758,-0.024132
0,-0.0062935,0.01249,0.013974,-0.0042114,0.013925,0.016073,-0.0048347,-0.0022409,-0.00068332,-0.005771
0,-0.003536,-0.0055128,0.023532,0.0053624,0.014283,-0.010014,-0.010743,-0.0024031,-0.021136,0.014004
1,-0.0098885,0.016708,-0.014991,0.0095151,-0.004617,0.0088408,0.0086711,0.0031503,-0.010082,-0.0046782
1,-0.00085458,-0.052194,0.023219,-0.001397,-0.0097686,0.028953,0.035259,-0.0042348,0.039823,-0.0073688
1,0.0010382,-0.002121,-0.016303,-0.018033,-0.0030633,-0.0010046,0.006771,0.02151,0.0040526,0.0040748
1,0.0092237,0.024704,0.025885,0.017184,-0.027812,0.024451,-0.021737,-0.0027479,-0.0025576,-0.0051094
1,-0.031034,-0.014156,0.0066812,-0.075245,-0.053935,-0.0051534,-0.003619,0.017644,0.019014,-0.0099629
0,-0.0059927,0.00099224,-0.0017384,-0.0018042,0.0072701,0.013271,-0.0097362,0.0060654,-0.0087931,-0.01296
0,0.0026967,0.012121,0.013411,0.033724,-0.0068489,-0.019649,0.010769,0.00507,0.0039916,0.00019579
0,-0.0060207,-0.0053882,-0.01299,-0.00091482,0.0094473,0.0050737,-0.011958,-0.001,-0.012908,-0.010409
1,-0.03119,-0.011613,-0.0020858,-0.0021964,-0.011203,0.015239,-0.008983,0.03169,-0.011931,0.0060211
1,-0.010765,0.0078113,-0.018656,0.033636,-0.012697,-0.0055306,0.019254,0.018832,0.0066997,0.0004894
0,0.0038265,0.0081177,-0.0084102,-0.0056104,-0.0022606,-0.004429,0.0029973,0.011238,0.0013912,0.010748
0,-0.011118,0.0035929,0.037848,0.014489,0.0040989,-0.0083339,-0.0038735,-0.0072774,0.018426,0.01439
0,0.0054019,-0.0087751,-0.0054188,0.018396,0.0027643,-0.0015324,-0.017616,-0.0054992,-0.024538,0.018701
0,0.0046807,-0.0023758,0.0067562,-0.0024189,0.015811,0.0087074,-0.013285,-0.0018747,0.0098457,-0.01661
0,0.02222,-0.0011096,-0.0038507,-0.0080941,-0.022577,0.0083828,-0.0079267,-0.016219,0.017113,0.0050823
1,-0.0044378,0.0093614,0.028887,0.0062525,-0.031907,0.031604,0.0072083,0.058104,0.010449,0.027796
1,-0.0021866,-0.031496,-0.020619,0.023838,-0.0052684,0.026524,0.031338,0.0094122,0.00090498,-0.011158
0,0.012356,0.016265,0.022062,-0.0082044,-0.011161,0.0066994,0.013927,0.016604,0.0011773,0.0062038
0,0.0092215,-0.00070809,-0.015414,0.0016404,0.013258,0.011771,0.019352,0.022831,-0.005302,-0.020534
1,-0.023305,0.016167,0.016268,-0.019199,-0.014865,-0.0031734,-0.045379,0.060845,0.027589,0.014975
1,-0.027367,0.012853,0.0046847,-0.0012589,-0.020553,0.0099612,-0.011732,0.027778,0.014454,0.0024556
0,-0.012889,0.0063048,0.02295,0.014867,0.0030432,-0.0028086,0.0017638,0.009521,-0.020715,0.0016522
1,-0.023224,-0.023404,0.0024425,-0.017197,-0.04713,0.020326,0.030382,-0.011253,0.016927,-0.031191
0,0.01197,0.010212,-0.0016841,-0.0018228,0.012492,-0.0011082,0.0091437,-0.0020704,0.022638,-0.012793
0,-0.0037584,0.010087,0.0014728,0.0015057,0.0054419,0.010002,0.019378,0.018918,-0.0071452,-0.027123
1,0.0069112,-0.015539,0.012474,-0.0055033,5.6e-05,-0.016689,-0.0019917,0.024543,0.0043824,-0.02116
0,0.0025123,-0.0057175,-0.0029103,0.0028698,0.011088,-0.015518,0.0046286,-0.0011121,0.016286,-0.0046445
1,-0.011116,-0.011154,-0.024317,0.01242,-0.018989,0.0086409,-0.041226,0.036259,-0.019032,-0.0078009
1,-0.024541,-0.02812,-0.00059979,0.043706,-0.032582,0.011471,-0.022335,0.059235,0.024509,0.011652
1,-0.028883,-0.029338,0.021853,0.057146,-0.018036,0.02209,0.028514,-0.01965,-0.022057,-0.029303
0,-0.026014,-0.0013393,-0.012226,-0.0089649,-0.0095428,0.0026611,-0.010029,-0.0093832,0.0064421,0.019864
1,-0.00079528,0.018923,0.0046525,-0.019596,-0.065846,-0.011576,0.0017962,-0.006181,0.0043876,0.0056346
0,0.0082936,-0.0019864,-0.00040747,0.011272,0.011126,-0.021524,0.0072626,-0.0032337,0.00044966,0.0044066
1,-0.0201,0.015048,-0.016187,-0.000511,-0.007339,0.0010896,0.0017538,-0.0019401,-0.013325,-0.011422
1,-0.020863,-0.015009,0.011231,-0.013115,-0.020577,0.033775,0.034112,-0.0093884,0.020327,0.0038802
0,0.0063214,0.011171,0.018884,0.027083,-0.007995,0.018801,-0.017294,-0.010483,0.025646,0.020991
0,-0.014416,-0.0015784,0.0061945,-0.0017472,0.01268,-0.013837,-0.0072164,-0.0084712,-0.0010898,0.021642
0,-0.011744,0.0030379,-0.0044204,-0.006149,0.0036505,-0.0085535,-0.0017344,0.0011885,0.0011159,0.022956
0,0.020507,0.0011867,0.014926,0.0085061,-0.00021521,0.0095616,0.020763,0.0079779,-0.02472,-0.0030799
0,-0.026014,-0.0013393,-0.012226,-0.0089649,-0.0095428,0.0026611,-0.010029,-0.0093832,0.0064421,0.019864
1,-0.030871,-0.038664,-0.017596,0.020588,-0.0078962,0.041614,0.009446,0.025866,0.046711,0.025782
0,-0.0048859,0.0028178,0.0023665,-0.014654,0.011747,0.0035578,0.01586,0.0076469,0.0057431,0.016823
0,0.0074374,-6.01e-05,0.00729,0.0017188,0.0057517,0.0094201,-0.0028331,-0.0061881,0.006479,0.0048126
0,-0.00025504,0.00487,0.0060904,-0.0016669,-0.00035981,-0.0012831,0.013399,-0.0038591,0.0010246,0.0068934
1,-0.00028783,-0.020323,-0.0013048,0.011776,-0.013315,0.0026168,-0.010424,-0.011343,-0.0042041,-0.028473
0,-0.0022894,-0.0082435,-0.0027512,0.0071439,0.019675,0.011475,-0.00075591,-0.012703,0.0097352,-0.014702
0,0.00095645,0.0053814,-0.00027591,0.017716,-0.016516,0.0049293,0.0038189,-0.0021912,0.0016764,0.032723
0,-0.009364,0.01083,0.013523,0.02603,0.020467,0.023001,0.0014968,0.031699,-0.014718,-0.019118
1,-0.033202,-0.026497,0.022686,0.035941,-0.010093,0.012249,3.87e-05,0.00061978,-0.011775,-0.0077298
0,0.010967,-0.010495,-0.014247,-0.0087556,0.016986,0.0005252,0.012778,-0.0041786,-0.00084346,0.018264
0,0.0085208,-0.0034333,-0.025293,-0.0013224,-0.010082,0.006264,-0.0042821,-0.01062,-0.013159,0.00022692
1,-0.014416,-0.040286,0.0095316,0.012092,-1.01e-05,0.018451,0.019956,-0.034738,-0.007196,0.0074959
1,-0.012903,-0.0050197,-0.0049147,0.0031482,-0.0073444,0.0026042,0.0044639,-0.0065414,-0.027297,0.010318
1,-0.046676,-0.034588,0.0089367,0.045645,-0.028091,0.015581,-0.013016,0.013968,-0.012069,0.035447
0,0.0059054,-0.0067131,-0.0097672,0.013838,0.011572,0.010969,-0.0088378,-0.013659,-0.00025652,-0.0068465
1,-0.016307,-0.014859,-0.0020632,-0.0076296,-0.0070934,0.0041207,-0.017917,0.019121,-0.02922,-0.0062036
1,-0.0041028,0.0013169,0.012347,-0.02562,0.0041945,0.0014393,-0.0015291,0.00031309,-0.0068402,0.0020022
0,0.0034428,-0.0052863,0.003069,0.0036949,0.017221,-0.0056105,-0.0023359,-0.017452,0.022061,0.018667
1,-0.029028,0.008261,-0.0079035,0.021253,0.00019894,0.016524,-0.012042,0.020351,0.00048149,0.019873
1,-0.016616,0.0022662,-0.014792,0.018925,-0.012134,-0.0078946,-0.0033475,0.009542,-0.002351,-0.010225
0,0.022308,-0.0027055,0.010265,0.0060677,-0.0096,0.00042073,-0.0014278,0.0015533,-0.0056971,0.0066843
0,0.00048247,0.00074971,-0.012226,-0.0021979,-0.00296,-0.016735,0.012695,0.01599,0.0024679,0.0055573
0,-0.0093901,-0.0076153,0.018873,-0.0095886,-0.0023834,-0.0027874,-0.011464,-0.0034166,0.0096056,0.017908
1,-0.012167,-0.027267,0.01694,0.0031102,-0.039706,0.021424,-0.0053232,0.057664,0.030666,0.013716
1,-0.039823,-0.042952,0.007128,0.0059592,-0.028859,0.020286,0.029998,-0.012058,0.007717,-0.01117
0,0.016342,0.0065056,-0.0045262,-0.016487,-0.017175,0.013699,-0.012469,0.019738,-0.00045258,-0.0023834
0,0.019693,0.0048705,0.028729,0.0073211,0.00065669,-0.0084558,-0.0018683,0.0095056,-0.031443,-0.013098
0,0.0060268,-0.0014685,0.012038,0.0074823,0.0036049,0.015361,-0.0061807,-0.017422,0.017963,0.0015074
0,-0.0075386,-0.0018559,0.013866,0.00068617,0.01069,-0.0095584,-0.022443,-0.015912,-0.015122,0.0043273
1,-0.046108,-0.042681,-0.017691,0.025544,-0.017022,0.043501,0.003425,0.025965,0.047888,0.032903
1,-0.018377,0.017647,-0.0020786,0.023116,0.014664,0.017318,0.006604,0.035479,-0.01374,-0.015349
1,-0.0030395,-0.02912,-0.018831,0.030715,-9.27e-05,0.029292,0.024276,0.00097752,-0.0038798,-0.0098207
1,0.0015137,-0.0075169,0.0097018,0.014855,-0.016584,-0.01223,0.012982,-0.0038917,-0.028694,-0.025498
1,-0.0094313,-0.039938,-0.00485,-0.0016286,-0.0054185,0.0073633,-0.0015785,0.0023704,0.0043561,-0.0043856
1,-0.019131,0.0036604,0.0025464,-0.0103,-0.019677,0.031739,0.032956,-0.0075171,0.0020029,-0.0034475
0,-0.015417,0.010218,-0.0054644,0.0093268,0.018023,-0.00028942,-0.014746,-0.018369,0.0031966,-0.014298
0,-0.0015725,-0.0081443,0.015743,-0.005128,-0.00099143,-0.025162,-0.0064734,0.0065559,-0.011068,0.0049025
1,-0.0073035,-0.023633,-0.0082079,0.035738,0.0036742,-0.0040386,-0.0053237,0.015264,-0.019908,-0.022712
0,-0.0066866,-0.0034106,0.036681,0.012994,0.017498,-0.011462,-0.011117,-0.0041819,-0.0093807,-0.010401
0,0.021529,-0.0042753,-0.035571,0.0094209,-0.0017637,-0.0058054,0.015614,-0.0067204,0.0065459,0.023366
1,-0.032475,-0.047697,0.017122,0.0062389,0.008867,0.022568,0.0043475,-0.028771,-0.0045215,-0.0077313
0,-0.011264,-0.015155,-0.0053105,-0.0010234,0.014237,-0.0032168,0.011748,-0.00096545,-0.0028522,-0.011064
0,-0.0016177,-0.0083775,0.018498,-0.01531,0.0054659,-0.0033882,-0.0098929,0.00061387,-0.016683,0.0015867
0,-0.0075489,-0.00653,0.0085115,0.0047994,0.015577,0.012133,0.014037,0.022977,-0.00026237,0.0068827
0,0.026782,0.01434,0.0034035,-0.012328,-0.037958,-0.025446,0.0034466,0.015354,0.0087362,-0.012479
0,-0.0014365,0.0030198,0.0080542,0.00055077,-0.00095057,0.013457,-0.0013943,0.0067719,-0.0082364,0.012119
0,-0.01762,0.00062694,0.014155,-0.0029802,0.0060384,-0.010089,0.00063483,0.010035,-0.014135,0.016938
1,-0.03368,0.00599,-0.013803,0.030046,-0.013533,0.038744,-0.0066633,0.0083601,-0.012853,-0.010295
0,0.0030493,-0.013865,0.0093358,-0.002986,0.0059346,0.0059243,-0.013367,-0.015979,-0.014582,0.0041397
1,0.00023649,0.014225,-0.015225,-0.004268,-0.026278,-0.0027307,0.03431,0.0055964,0.0048454,0.0015861
0,-0.013199,0.0074082,-0.0016643,-0.0045567,0.0069013,0.001884,0.0053888,-0.013603,0.031664,0.019384
0,-0.018571,-0.0073442,0.00020239,0.0083377,0.018711,0.004958,0.0085094,0.014101,0.0063501,-0.037305
0,0.012846,0.0045705,-0.0049971,0.0013325,-0.00071901,0.0085618,-0.0042414,-0.003571,-0.0028054,-0.0033977
1,-0.013935,-0.0080468,-0.013488,-0.016395,-0.0061001,-0.021219,0.0049474,0.022086,-0.011613,-0.013576
0,-0.011723,0.0039285,0.023505,-0.001222,-0.017527,0.0046576,-0.02288,0.0033558,-0.038791,0.015574
1,0.0028472,-0.0079197,-6.42e-06,0.035047,-0.025916,0.011645,0.028792,-0.013718,-0.020873,0.0031095
1,0.016844,-0.01505,0.015747,-0.010209,-0.023005,0.017596,0.004633,-0.016575,0.0059919,0.022783
0,0.0039995,-0.0007814,0.014171,0.022525,0.008759,-0.021781,0.024613,0.0076005,0.011429,0.0035563
0,0.017621,0.0059984,0.0017327,-0.0020448,0.0050881,0.003541,0.0046537,0.010009,-0.0018807,0.0015809
1,0.00029342,-0.036688,-0.012514,0.033497,-0.0059083,0.015841,-0.020162,0.018115,-0.018451,-0.012245
1,-0.013011,-0.032613,-0.0065579,-0.01259,-0.030167,0.018853,0.0021736,0.018424,0.0092412,0.025005
1,-0.0029661,-0.0030175,0.0036898,-0.0019648,-0.00042244,-0.0038037,-0.0016259,0.0115,-0.019672,-0.013853
0,0.017348,0.0085388,0.0038593,-0.00050469,-0.0052285,0.033828,0.017489,0.014529,0.022748,0.012387
0,-0.019018,-0.0024002,-0.0028922,0.0036208,0.013288,-0.011319,-0.0084218,-0.0035944,-0.021719,-0.011748
1,-0.0051836,-0.018861,-0.0010016,-0.013191,0.00053223,-0.012575,0.015979,0.012901,-0.00022113,-0.015878
0,0.0069603,-0.0068512,0.0063453,0.0043327,0.014158,-0.0041565,0.0081417,0.014213,-0.017333,0.011548
0,-0.00019192,-0.0050406,-0.012027,0.0035916,0.026762,-0.00087759,0.010848,0.016432,-0.00080712,0.00087092
1,-0.0098358,0.0028864,0.012889,0.0062289,-0.017089,-0.0083706,0.00090016,0.019628,0.0054424,0.021299
0,0.010903,0.0047174,-0.0038829,0.0092868,0.0098337,-0.013302,0.0080871,-0.0064652,0.00081542,-0.0089731
1,-0.0059669,-0.04716,-0.0019427,-0.027495,0.0019303,-0.00042882,-0.0072308,0.035311,0.023821,0.025738
0,0.012771,0.0067157,0.0040964,-0.0017453,-0.022609,-0.010252,-0.0095826,-0.0044871,-0.0093643,0.014938
0,0.0064701,-0.0025202,-0.008695,-0.011958,-0.0058829,-0.0045407,0.0046737,-0.0033929,-0.0038269,-0.010714
0,0.0037663,-0.0049349,-0.0044008,-0.016936,0.026555,0.0023457,-0.0029726,0.0065461,-0.014135,-0.0056835
0,0.0138,-0.0042853,0.013213,-0.00038443,0.0094156,0.00094847,0.0097418,-0.010937,0.010272,0.037463
0,-0.012641,-0.0027848,-0.011827,0.013861,0.010281,-0.045612,-0.0010756,-0.0042952,0.004054,0.012583
1,-0.049894,-0.0074713,0.015178,-0.088876,-0.046483,0.029383,0.027849,-0.015038,0.0010986,-0.031549
1,-0.024331,-0.0074178,-0.0062136,-0.041355,-0.028954,0.014188,-0.011518,0.028093,0.028053,0.0037464
1,-0.011072,-0.021886,-0.0058565,0.035376,0.00025037,0.0021405,-0.0020963,0.021918,-0.018124,-0.018643
0,0.015184,-0.0032037,0.0021357,-0.0021849,-0.0070764,0.002918,-0.014731,-0.0078201,-0.0044003,-0.010278
0,0.0090175,0.013236,0.00247,-0.012962,-0.0040119,0.00026384,0.00083528,0.011215,0.0083897,-0.016174
1,-0.062458,-0.00075986,-0.015307,-0.029473,-0.072797,0.029497,0.0064161,-0.023436,-0.0043664,0.0012036
1,-0.0041995,0.0019836,-6.33e-06,0.0067921,-0.007933,0.0042345,0.00058792,-0.024417,0.0014,0.013831
1,-0.0046504,-0.014233,0.019047,0.0094385,0.015998,0.0066203,-0.023266,0.017654,-0.0033676,0.0043821
0,0.0050152,-0.014914,-0.015178,-0.0031097,0.017574,0.0063942,-0.0092669,-0.0039001,-0.0028421,-0.016872
1,-0.03598,0.010006,-0.018432,-0.026691,-0.026347,-0.0010692,0.013528,-0.03531,-0.021504,4.7e-05
0,-0.0030238,0.0026196,-0.0024841,0.00094965,0.0083799,0.019088,-0.015344,-0.005648,0.0013789,-0.014207
0,0.0024474,-0.0025079,0.0076631,-0.0196,0.00016041,-0.011625,0.004346,-0.0046741,-0.011839,0.0043365
1,-0.04594,-0.028055,-0.00098682,0.025853,-0.022193,0.0231,0.010452,0.028333,0.0069145,0.019056
0,0.020137,-0.0065094,0.0066669,0.0012051,-0.0077628,-0.0042428,-0.0011676,-0.0014256,-0.00094234,0.004484
0,-0.0035584,0.00078788,0.0023196,0.0095233,0.0062982,0.0019146,0.0090576,0.0055217,-0.0079427,-0.024588
0,0.0073585,-0.014746,-0.0050784,-0.011547,0.015062,-0.0023523,0.0011077,0.00092284,0.013797,0.00054235
1,-0.014429,0.0017455,0.0089751,0.011444,0.0084816,-0.002146,0.0042997,0.0042,0.0019754,0.0094061
0,-0.0053749,0.0011681,-0.013644,0.00019755,0.015444,-0.0041347,0.015029,0.022311,-0.0040249,-2.87e-05
1,-0.021711,-0.0042761,-0.002654,0.01734,-0.025963,0.013858,-0.010844,0.025531,-0.00090683,-0.028702
1,0.010714,0.044683,-0.014957,0.0090538,-0.015964,-0.0024563,-0.016988,0.033865,0.015444,-0.0012312
0,0.0011068,0.0020292,-0.013477,-0.010316,-0.0062044,-0.0088313,0.004229,0.0098061,-0.004905,-0.017143
1,0.0012534,-0.028976,0.0078156,0.025186,-0.011904,-0.021366,0.0099058,0.026058,-0.0046183,0.0019782
1,-0.034408,-0.0048269,0.021561,-0.074875,-0.03827,0.024353,0.026023,-0.035487,0.0069559,-0.030014
0,0.0042477,-0.0068759,0.0030808,0.0071347,-0.0030715,0.013628,0.0019237,0.0058782,-0.00093755,-0.0076993
0,0.0044875,-0.0098894,0.010155,-0.013766,0.010235,-0.0071315,-0.0091042,0.005855,-0.01248,0.0062695
0,0.00021983,-0.027316,0.00073227,-0.0063944,0.017511,-0.002974,-0.0065137,0.014119,-0.018013,0.015601
1,-0.02399,-0.03584,-0.013358,0.0075089,-0.017137,0.012958,0.033823,0.0083744,0.012472,0.0059514
0,0.016528,0.014128,-0.0008255,-0.0010869,-0.033366,0.025652,-0.017051,-0.0078108,0.019399,-0.01276
0,0.0046924,-0.0072394,-0.016616,0.01086,-0.0052884,3.16e-05,-0.0097438,-0.0054971,-0.0024951,0.0061985
0,-0.014094,0.0058302,0.014693,0.0039674,0.014234,-0.0028636,0.0044108,-0.0055199,-0.0043175,-0.024442
0,0.0083552,-0.0013086,-0.013762,-0.0065282,0.011046,0.0045798,0.0024273,-0.013273,-0.0063174,0.0056892
1,-0.016189,-0.034864,-0.021155,0.0054156,-0.027904,0.0088423,0.018489,0.0040406,0.0070226,0.0079096
1,-0.019758,0.013089,-0.0098412,0.0066924,-0.012367,-0.00078829,-0.0083006,-0.011616,-0.0088282,-0.022126
1,-0.034073,0.013336,-0.016632,-0.036512,-0.026526,0.014526,0.019683,-0.027975,-0.026498,-0.010497
1,-0.023484,-0.069059,0.011298,0.036498,-0.024543,0.023506,-0.034313,0.055082,0.030792,0.030553
1,-0.013738,-0.011248,-0.0045734,-0.002957,-0.0052329,0.029453,0.051087,-0.01526,-0.0051313,-0.015703
1,-0.020494,0.0044241,-0.0047288,0.00071313,-0.019862,0.019451,0.039585,0.001884,0.013861,-0.013594
0,-0.025199,0.0024237,-0.013895,0.0044973,0.020658,0.0093071,0.0018981,0.0059881,-0.0016235,-0.035542
0,0.040045,0.029536,0.035334,0.021235,-0.045461,0.0049522,0.016891,0.027988,-0.0037255,-0.036993
1,-0.027318,0.027241,0.0077019,0.029269,-0.020648,0.0054304,-0.0086296,0.015209,0.00109,-0.032801
1,-0.033873,-0.0079371,0.0063783,-0.076193,-0.054691,-0.00085625,-0.0087645,0.028608,0.017062,-0.011985
0,-0.0030238,0.0026196,-0.0024841,0.00094965,0.0083799,0.019088,-0.015344,-0.005648,0.0013789,-0.014207
1,-0.016323,-0.019139,-0.0015812,0.0022222,0.016649,-0.021175,-0.0030305,0.0031465,-0.019208,-0.025655
1,-0.029362,-0.0024403,-0.014943,0.014,0.013646,-0.0141,-0.012819,-0.00048437,-0.019036,0.011074
0,-0.0064359,0.0066311,-0.0071561,0.0028168,-0.0029948,0.010497,0.0026046,0.0027486,-0.002789,0.013176
0,-0.0034996,-0.0077129,-0.0072166,0.0014895,0.016373,-0.0071494,-0.0016178,0.0059464,-0.018496,-0.0029427
1,-0.033066,0.027457,-0.020968,-0.0080105,-0.034109,0.021479,0.014864,-0.012377,-0.022468,0.014933
1,-0.01139,-0.010348,0.027348,0.027354,-0.013069,0.019295,-0.017381,0.028001,0.0017157,0.010169
1,-0.021098,-0.024069,-0.033724,0.0084936,-0.021616,0.010136,-0.0078667,0.018843,0.016671,-0.017207
1,-0.050381,-0.025861,0.0096347,-0.016702,-0.037896,0.037641,0.038567,-0.023441,0.0025325,0.022605
0,0.0099246,0.025189,0.019351,0.003424,-0.027878,0.001551,-0.00014139,2.92e-05,-0.0032222,-0.0051844
0,-0.030866,0.0095246,0.020925,-0.0031277,0.0074464,0.024253,-0.0032524,-0.0043533,0.011439,0.0017764
1,-0.016721,-0.014303,-0.0088974,-0.009604,-0.025385,0.029609,0.00032824,0.010923,0.0036484,-0.021061
0,0.012111,-0.019338,-0.0018784,-0.0049125,0.0041176,-0.010399,-0.0093832,-0.0047653,-0.012134,-0.00040345
0,-0.0077077,0.00054157,0.011274,-0.0055587,0.0074552,-0.0076979,0.017411,0.0042062,0.0041495,0.026359
0,0.030879,-0.011634,-0.017518,0.0070409,0.00079644,0.0059439,-0.0032951,-0.0019475,-0.0076953,-0.011112
0,-0.0099485,0.0059336,-0.0021123,-0.0032518,0.011393,0.0060488,-0.017953,-0.01661,0.01692,-0.013623
0,-0.00018161,0.011667,0.01908,-0.009166,0.0015194,0.0014689,-0.0087785,-0.01911,-0.0041385,-0.0032996
1,-0.034058,-0.014276,0.0068424,0.050569,-0.0093851,0.005089,0.015257,0.01217,0.048643,0.039581
0,0.0077098,0.0016429,-0.025876,6.89e-05,0.0059558,-0.0066715,0.0011428,0.00098063,0.01928,-0.012839
0,0.012877,-0.0076574,-0.00084064,-0.020401,0.0089154,-0.0010263,0.0024704,0.015759,-0.00605,0.0077913
1,-0.015491,-0.013359,0.0090608,-0.016876,-0.046244,0.021036,-0.0073026,0.022871,0.036214,-0.00025433
0,0.0096579,0.019732,0.02466,0.00049866,-0.032272,0.0034595,0.0064246,0.0086616,-0.0047932,0.025433
0,-0.017144,0.0030482,-0.012051,0.01146,0.025582,-0.0080717,0.017539,0.01746,0.0009834,-0.029415
1,-0.034148,-0.034789,0.0013129,-0.014525,-0.040454,0.013539,-0.0060419,0.0053889,0.014637,0.022445
1,-0.020743,-0.032212,-0.011367,0.008699,-0.016928,0.011608,0.029298,0.010397,0.014008,0.014989
1,-0.024817,0.022012,0.01255,0.019623,0.0021266,0.010236,-0.0010851,0.023511,-0.010958,-0.018052
1,-0.019559,-0.028437,0.023515,0.05312,-0.021314,0.020342,-0.0018326,0.048492,-0.020116,0.020548
0,0.012619,-0.012098,-0.0078855,-0.0015809,0.0016713,-0.005017,-0.0088244,-0.0076593,0.0060624,-0.020788
0,0.0016956,0.028808,0.0058803,-0.010061,0.0027169,0.0047805,0.016612,0.0074638,0.014593,0.0053889
0,-0.026451,-0.0011712,-0.015479,-0.0040205,0.014506,-0.011867,0.0089135,0.0052791,0.012485,-0.0011787
1,-0.0097033,0.0052722,0.00015239,0.03092,-0.013296,0.017559,-0.001439,-0.024685,0.013379,0.012704
0,0.013623,0.0061086,-0.0036699,-0.0044259,-0.013468,-0.017979,-0.003543,-0.0053982,-0.0055967,-0.0059729
1,-0.013496,-0.016356,-0.0022152,0.0071888,-0.019019,0.021353,-0.022725,0.02185,-0.0097171,0.018453
1,-0.037403,-0.0088204,-0.00069751,-0.012794,-0.017532,0.0065745,-0.015623,-0.0040926,0.0061884,-0.017488
0,-0.0084317,0.014183,0.024481,0.0029513,0.0063152,-0.0099723,-0.023957,0.00058801,-0.0030662,-0.007692
1,-0.014083,0.010138,0.026833,0.0095669,0.000279,0.032277,0.039252,-0.02986,-0.017443,-0.013151
0,0.0087986,-0.0060638,-0.007725,0.0144,-0.0084388,-0.0093402,0.0085133,0.002793,0.0090903,0.0083625
1,-0.013167,0.0061681,0.013397,0.0034056,0.0092925,0.024738,0.014177,-0.00032451,0.0010373,-0.0029117
1,0.031238,0.0078805,0.0063153,0.013192,-0.020483,0.0023136,-0.020819,-0.003912,-0.0097753,-0.023009
0,-0.019612,-0.011198,0.0097068,0.024235,-0.0060755,-0.041797,-0.0026505,-0.018633,-0.031511,-0.019663
1,-0.032161,-0.010589,0.0031057,-0.033231,-0.034165,0.02966,0.0088038,0.0057798,0.013947,-0.0006085
1,-0.018827,-0.030507,0.0063739,0.035852,-0.017721,-0.014663,-0.0046771,0.016468,0.00073759,-0.00086766
0,0.030011,-0.0050444,-0.0029916,0.01318,-0.017203,0.0047311,0.0041611,-0.0062672,-0.0028367,0.0025896
0,0.019555,0.027628,0.0083286,0.0057509,-0.051479,-0.0029575,0.011323,0.023291,0.02721,-0.005112
0,0.0088244,-0.00093089,-0.032216,0.0013097,0.0068663,-0.0056025,0.0034911,0.007919,0.018695,-0.0213
0,0.012877,-0.0076574,-0.00084064,-0.020401,0.0089154,-0.0010263,0.0024704,0.015759,-0.00605,0.0077913
0,0.0047252,0.0034833,0.01701,-0.0068041,0.0028077,0.0095094,-0.0098382,-0.00053727,-0.013183,-0.016778
1,-0.025014,-0.0043412,0.0044797,0.024714,-0.028202,0.025343,-0.024102,0.046313,-0.0086582,-0.041235
0,-0.014984,-0.015713,0.0092193,0.024689,0.0043852,-0.027291,0.0099198,0.011428,-0.020416,-0.0056559
1,-0.0054779,-0.020293,-0.0076274,0.053483,-0.012682,0.011641,0.04843,-0.028042,-0.037703,-0.01577
0,0.00017417,-0.00036954,0.00027642,-0.011182,0.0074995,0.015559,-0.013786,-0.014631,0.005363,0.0092662
0,-0.015662,0.013412,0.013049,0.018005,0.0037721,0.0050334,-0.0092859,-0.023037,0.016951,0.0079126
1,-0.011728,0.013175,0.0038353,0.0084979,0.0052758,0.011562,0.019215,0.016568,-0.005331,-0.016509
0,-0.0011378,0.0063237,0.016291,0.0096719,-0.0029219,-0.0061289,-0.011626,-0.01965,-0.0062052,0.032102
0,0.00028243,-0.0083861,-0.003891,-0.0027537,0.014116,0.014807,-0.0025552,-0.0040769,-0.0071297,0.017321
0,0.0013867,-0.0033001,0.018708,-0.0065575,0.0070479,0.0075208,-0.0082472,-0.0032396,0.0086681,-0.00052948
0,-0.0026253,-0.0043703,0.012244,0.0070875,0.01858,-0.014157,0.012949,-0.0027904,-0.015465,-0.027616
1,-0.011292,-0.0023027,-0.010566,-0.0010795,-0.011787,-0.021216,0.0014036,0.014241,-0.020466,-0.011928
0,0.003613,0.012334,-0.026498,0.035771,-0.025844,0.031786,0.0091607,-0.0085302,-0.019313,0.012072
1,-0.013945,-0.024912,-0.011199,0.04721,-0.01305,0.015056,0.045679,-0.0236,-0.03951,-0.014958
1,0.0040907,-0.023705,0.010607,0.0002834,0.012735,0.019073,0.03387,0.025253,-0.0045737,-0.0093802
0,-0.021468,0.013062,-0.015701,-0.00016584,0.0024746,-0.026921,-0.0014296,0.0017985,0.0053959,0.0064225
0,0.0039716,-0.0030458,0.0034818,0.0066184,0.0050149,0.0075986,-0.0027719,-0.011146,-0.019469,0.028159
1,-0.030352,-0.0052566,0.00010868,0.012771,-0.022044,0.018519,0.0022413,0.0046485,-0.022778,-0.014003
1,-0.024312,-0.020139,0.0016723,-0.024981,0.0029573,-0.0027507,0.00028827,0.0081462,0.023289,-0.0092236
0,0.019917,0.0046085,-0.017423,1.11e-05,-0.010015,0.010279,-0.013088,-0.0008653,0.010469,-0.031986
1,-0.024582,-0.031352,0.0032181,-0.0021225,-0.019996,0.026242,0.048294,-0.0037782,0.0094343,0.0075642
0,-0.019458,0.017063,0.002382,-0.0074292,-0.010056,0.0076006,0.0029229,-0.0075371,0.030381,0.022954
1,-0.0017347,0.0093909,-0.0071393,-0.0035527,-0.010532,0.022803,0.034909,-0.0044717,-0.010719,-0.0086855
1,0.012195,-0.036237,0.03235,0.030838,-0.0060857,0.010993,-0.029372,-0.0034684,0.038453,-0.036122
1,-0.040934,0.0089142,0.0015852,-0.027628,-0.058958,0.017489,0.036467,-0.052469,-0.04351,0.010562
0,-0.0096102,0.0046458,0.014748,-0.00017282,0.01123,-0.0053891,-0.017671,-0.012259,0.012558,-0.0093252
1,-0.028353,-0.023543,-0.00077604,-0.028263,0.0025086,-0.008022,-0.0026731,0.012523,0.013221,-0.010522
1,-0.014086,-0.01426,0.0080814,0.017212,0.008824,-0.0063839,0.0062254,0.014802,-0.019818,-0.0038964
0,0.0015854,0.01678,0.013785,0.0088268,0.006862,0.012434,-0.010149,-0.0099799,0.0071833,-0.0091367
0,-0.0042262,-0.0047367,-0.015596,-0.020814,-0.00033064,-0.010243,0.014439,0.01483,0.0051643,-0.015542
0,0.023638,-0.017343,0.0069458,0.016239,0.0046494,0.013072,0.0015136,0.0028081,-0.0075892,0.003519
0,0.0068796,-0.0074541,0.0066406,0.0036767,0.021688,-0.0085073,0.0084985,-0.0040539,-0.00095676,0.011655
0,-0.0084031,-0.00089532,0.0022538,0.0069898,0.0043336,-0.013357,0.0061458,-0.0022677,0.0012606,0.011155
1,-0.050027,-0.027772,0.0087572,-0.04875,-0.023929,0.0059736,-0.021199,0.030255,0.0066631,0.03296
0,0.019943,-0.0040994,0.0086952,0.010247,0.0013515,0.0096864,-0.002643,-0.011765,-0.0051544,0.014186
0,-0.013301,0.0054502,-0.02347,-0.0071097,-0.010331,-0.030519,0.015553,0.011223,0.0034049,0.017253
0,0.002471,-4.01e-05,0.0091676,-0.0036769,0.00091102,-0.00092511,-0.0098915,-0.0028776,0.0095814,-0.013563
0,-0.018908,-0.00030176,0.0047002,0.01098,0.020462,0.0048783,0.001209,0.010965,0.0047815,-0.0086553
1,-0.013031,0.027258,0.0031213,-0.0051624,-0.014158,0.025714,0.0053604,0.013674,0.016696,0.023833
0,0.012404,0.0044185,0.0055906,-0.0015348,0.0029722,0.012763,0.0051355,0.014918,-0.0022018,-0.0082772
0,-0.0042448,0.0027091,0.001802,-0.035491,0.023103,-0.00084914,-0.0042017,0.010406,-0.011891,-0.011884
0,-0.0098266,0.014245,0.0067629,-0.0050579,-0.0027913,0.024877,0.00038065,0.0070766,-0.0082383,0.018209
1,-0.034156,0.015822,-0.019125,-0.045405,-0.036884,0.0043773,0.024138,-0.013732,-0.027743,-0.0026517
0,0.010487,0.0021589,0.0036419,0.0062223,0.0048763,0.0188,0.0072473,0.0087243,0.00020094,-0.0034482
0,0.017015,0.0092924,0.025878,0.0080815,-0.01704,-0.0087848,-0.0021717,-0.002185,0.029712,-0.0021811
1,-0.0041678,0.030398,0.033539,0.0147,-0.0081712,-0.025942,-0.030775,-0.00047657,-0.0054298,-0.015094
0,0.021183,0.011317,0.020098,0.011306,0.0061622,1.11e-06,-0.0096862,0.0011041,-0.015258,-0.0082652
1,-0.0057019,-0.041047,0.035033,0.012011,-0.016885,0.014843,-0.0035096,0.019227,0.035961,0.0039841
1,-0.014581,0.020424,-0.0018774,0.011766,-0.050649,-0.00010575,-0.0091521,0.011854,0.0040988,0.012114
1,-0.0079515,0.027749,0.01473,-0.0014929,-0.011156,-0.0036099,-0.0055785,0.0018895,-0.001982,-0.014724
0,-0.011118,0.0035929,0.037848,0.014489,0.0040989,-0.0083339,-0.0038735,-0.0072774,0.018426,0.01439
1,-0.0072888,0.0090651,-0.00075183,-0.017263,0.0045775,-0.019976,-0.0045685,0.022167,-0.0043967,-0.0046154
0,0.0070923,0.0082295,0.026566,0.0078032,0.004063,0.0055819,0.022995,0.010506,-0.00079101,0.0088064
1,-0.027184,0.012469,-0.019452,0.010565,-0.028864,-0.023845,-0.0095061,0.033288,-0.040599,0.037317
0,-0.0003388,0.0155,-0.00044871,-0.0052189,0.0089371,0.011803,-0.00055502,-0.025363,0.014604,0.022729
1,0.0076984,-0.014236,0.014382,-0.0040769,-0.0032727,-0.016768,-0.0017612,0.031727,0.0010305,-0.016514
0,-0.00027715,0.010743,-0.0045283,-0.010234,0.014911,0.016466,0.0095198,0.00065959,0.0090521,0.015863
1,-0.017438,0.004138,-0.0096919,-0.003441,0.0034667,0.016872,0.013322,-0.0080634,0.0029966,0.027815
0,-0.0077179,0.0083828,0.0038485,0.0013114,-0.0043545,-0.0014568,-0.0082014,-0.0068775,0.0057153,0.00032797
0,0.019003,-0.011083,0.0027788,0.010568,0.0029208,0.013089,-0.0071724,-0.016091,-0.015238,0.016844
0,0.0044747,-0.0084018,-0.011075,-0.004163,-0.0043105,-0.01162,0.0057791,-0.0023606,0.017593,0.013052
1,-0.024298,-0.025234,0.01781,0.038266,-0.0088335,0.0092061,0.019962,-0.017201,-0.029189,-0.035091
0,-0.019241,-0.0024305,-0.0043417,0.011366,0.0017788,-0.0075482,-0.0060145,-0.0026724,0.0065943,0.012079
1,-0.020926,0.012496,0.00042318,0.047231,-0.00069718,-0.0028524,-0.021317,0.011903,0.0023387,-0.0042784
1,-0.014811,-0.021954,-0.0034884,0.041449,0.0052114,0.0028445,-0.0062431,0.017658,-0.01585,-0.013869
1,-0.025446,-0.024249,0.024672,0.032021,-0.0010466,0.015421,0.0041425,0.0012946,-0.0061018,-0.0055032
1,-0.021584,0.019376,-0.017218,-0.00345,-0.015013,0.0101,-0.017599,0.018959,-0.0165,-0.031072
0,0.0017776,-0.0043229,0.027889,0.0093613,0.0088734,-0.034182,0.012679,0.0079574,-0.0024252,-0.0020457
1,-0.0063207,0.0025354,0.0088277,0.00088632,-0.0073593,0.0030408,0.0021487,0.015649,-0.013484,-0.010882
0,0.010967,-0.010495,-0.014247,-0.0087556,0.016986,0.0005252,0.012778,-0.0041786,-0.00084346,0.018264
1,-0.017167,-0.0023416,-0.011296,0.0091212,-0.0012619,-0.014155,0.0021217,0.014959,-0.00091431,0.0069427
1,-0.034578,-0.017647,-0.011384,-0.02248,-0.031436,0.021371,0.033632,0.010424,-0.00060071,-0.0033726
1,-0.0043076,-0.0050043,-0.024905,0.0047547,0.011114,-0.0070303,0.01037,0.0060752,-0.0027821,0.0079579
0,-0.0054665,-0.001324,0.021715,0.014496,0.02374,-0.00080502,-0.006156,-0.012294,0.0073005,-0.010873
1,-0.0054648,-0.0077788,0.010473,0.019853,-0.0014563,0.010844,-0.0039524,0.010479,-0.0082411,0.010591
1,-0.012052,-0.006453,0.0040295,0.0061367,-0.0068692,0.028754,0.044065,-0.020749,0.0026002,-0.0064899
0,-0.0031656,-0.0096983,0.0031603,-0.0061315,-0.00049268,-0.021902,0.017179,0.00019548,-0.0025443,0.0010709
0,0.021001,0.0077897,-0.0045984,0.01092,0.0063691,-0.0054723,0.021059,0.011865,0.0079523,-0.0077443
1,-0.020756,-0.008993,-0.00069471,0.020331,-0.016334,0.0065449,-0.025777,0.017909,-0.01038,0.012485
1,-0.051405,0.0052146,-0.027447,-0.012759,-0.027031,0.049551,0.037749,0.0097728,-0.016897,-0.014502
